title,Year,cast1,cast2, cast3, crew1, crew2, crew3, genre, Crime, Romance, Animation, Music, Comedy, TVMovie, Horror, War, Adventure, Thriller, Western, Mystery, Kids, ScienceFiction, Foreign, Drama, Action, Documentary, History, Family, Fantasy,,
Lumber Jack-Rabbit,1954, Mel Blanc, Norman Nesbitt,NA, Chuck Jones, Michael Maltese, Edward Selzer,Comedy,0,0,1,0,1,0,0,0,0,0,0,0,0,0,0,0,0,0,0,0,0,,
What Ever Happened to Baby Jane?,1991, Vanessa Redgrave, Lynn Redgrave,NA, David Greene,NA,NA,Other,0,0,0,0,0,0,0,0,0,0,0,0,0,0,0,0,0,0,0,0,0,,
Life in a Day,2011, Cindy Baer, Moica, Caryn Waechter, Kevin Macdonald, Liza Marshall, Harry Gregson-Williams,Drama,0,0,0,0,0,0,0,0,0,0,0,0,0,0,0,1,0,1,0,0,0,,
The Eighteen Carat Virgin,1972, Nicole Vadim,NA,NA, Emilio Portici, Joseph P. Mawra, Emilio Portici,Other,0,0,0,0,0,0,0,0,0,0,0,0,0,0,0,0,0,0,0,0,0,,
My Little Pony: Twinkle Wish Adventure,2009, Janyse Jaud, Anna Cummer, Chantal Strand, Sherri Stoner, Luke Guidici, John Grusd, Family,0,0,0,0,0,0,0,0,0,0,0,0,0,0,0,0,0,0,0,1,0,,
Sweet Savior,1971, Troy Donahue, Renay Granville, Francine Middleton, Robert L. Roberts, Lloyd Kaufman,NA,Other,0,0,0,0,0,0,0,0,0,0,0,0,0,0,0,0,0,0,0,0,0,,
Vampires Suck,2010, Chris Riggi, Matt Lanter, Jenn Proske, Jason Friedberg, Aaron Seltzer, Jason Friedberg,Horror,0,0,0,0,1,0,1,0,0,0,0,0,0,0,0,0,0,0,0,0,0,,
Janis Joplin: Piece Of My Heart,2009, Janis Joplin,NA,NA,NA,NA,NA, Music,0,0,0,1,0,0,0,0,0,0,0,0,0,0,0,0,0,0,0,0,0,,
Gang Master,1982, Chen Kuan-Tai, Jason Pai Piao, Ku Feng, Tsui Siu-Ming, Tsui Siu-Ming, Mona Fong,Foreign,0,0,0,0,0,0,0,0,0,0,0,0,0,0,1,0,1,0,0,0,0,,
The Dark Backward,1991, Judd Nelson, Bill Paxton, Rob Lowe, Adam Rifkin, Adam Rifkin,NA, Comedy,0,0,0,0,1,0,0,0,0,0,0,0,0,0,0,0,0,0,0,0,0,,
The Wall Street Mystery,1931, Donald Meek, John Hamilton, Frances Dale, Arthur Hurley,NA,NA,Other,0,0,0,0,0,0,0,0,0,0,0,0,0,0,0,0,0,0,0,0,0,,
Ela Na Agapithoume Darling,1984, Stathis Psaltis, Stamatis Gardelis, Kaiti Finou, Giannis Dalianidis, Giannis Dalianidis,NA, Comedy,0,0,0,0,1,0,0,0,0,0,0,0,0,0,0,0,0,0,0,0,0,,
State Fair,1945, Jeanne Crain, Dana Andrews, Dick Haymes, Walter Lang,NA,NA,Romance,0,1,0,1,0,0,0,0,0,0,0,0,0,0,0,0,0,0,0,0,0,,
Hobgoblins 2,2009, Josh Mills, Josh Green, Chanel Ryan, Rick Sloane, Rick Sloane, Rick Sloane,ScienceFiction,0,0,0,0,0,0,1,0,0,0,0,0,0,1,0,0,0,0,0,0,0,,
One Man Band,2005,NA,NA,NA, Mark Andrews, Andrew Jimenez, Andrew Jimenez,Family,0,0,1,0,0,0,0,0,0,0,0,0,0,0,0,0,0,0,0,1,0,,
Dil Hai Ke Manta Nahin,1991, Aamir Khan, Pooja Bhatt, Anupam Kher, Robin Bhatt, Mahesh Bhatt,NA,Other,0,0,0,0,0,0,0,0,0,0,0,0,0,0,0,0,0,0,0,0,0,,
Life According To Agfa,1992, Gila Almagor, Smadar Kilchinsky, Sharon Alexander, Assi Dayan, Assi Dayan,NA,Foreign,0,0,0,0,0,0,0,0,0,0,0,0,0,0,1,1,0,0,0,0,0,,
Blood Red Moon,2010, Sarah Lavrisa, Matthew Thomas Rogers, Mark Courneyea, Scott Patrick, Kevin J. Lindenmuth, Anne-Marie Frigon, Horror,0,0,0,0,0,0,1,0,0,0,0,0,0,0,0,0,0,0,0,0,0,,
George Stevens: A Filmmaker's Journey,1985, Fred Astaire, Rock Hudson,NA, George Stevens Jr.,NA,NA, Documentary,0,0,0,0,0,0,0,0,0,0,0,0,0,0,0,0,0,1,0,0,0,,
The Obsessed of Catale,1965, Raul Cortez,NA,NA, Anselmo Duarte, Jorge Andrade,NA,Other,0,0,0,0,0,0,0,0,0,0,0,0,0,0,0,0,0,0,0,0,0,,
The Wiggles: Whoo Hoo! Wiggly Gremlins!,2004, Emma Watkins, Anthony Field, Lachlan Gillespie, Martin Murphy,NA,NA, Family,0,0,0,0,0,0,0,0,0,0,0,0,0,0,0,0,0,0,0,1,0,,
Hard Rock Calling 2011,2011, Bon Jovi, Ray Davies, Rod Stewart,NA,NA,NA, Music,0,0,0,1,0,0,0,0,0,0,0,0,0,0,0,0,0,0,0,0,0,,
Love City,1986,NA,NA,NA,NA,NA,NA,ScienceFiction,0,0,1,0,0,0,0,0,0,0,0,0,0,1,0,0,1,0,0,0,1,,
Desire and Hell at Sunset Motel,1991, David Hewlett, Sherilyn Fenn, Whip Hubley, Alien Castle, Alien Castle,NA,Thriller,0,0,0,0,1,0,0,0,0,1,0,1,0,0,0,0,0,0,0,0,0,,
Funk,2007, Yumi Saito, Luanda Boaz, Marcia Imperator,NA,NA,NA,Other,0,0,0,0,0,0,0,0,0,0,0,0,0,0,0,0,0,0,0,0,0,,
Wanted Perfect Mother,1996, Regine Velasquez, Bing Loyzaga, Bobby Andrews, Mel Mendoza-Del Rosario, Ike Jarlego Jr., Mars Ravelo,Romance,0,1,0,1,1,0,0,0,0,0,0,0,0,0,0,1,0,0,0,0,0,,
Priyamudan,1998, Vijay, Kausalya, Nasser, Deva, Vincent Selva,NA,Romance,0,1,0,0,0,0,0,0,0,0,0,0,0,0,1,1,1,0,0,0,0,,
Super Sweet 16: The Movie,2007,NA,NA,NA,NA,NA,NA,Other,0,0,0,0,0,0,0,0,0,0,0,0,0,0,0,0,0,0,0,0,0,,
Marathon Boy,2010,NA,NA,NA, Gemma Atwal,NA,NA,Foreign,0,0,0,0,0,0,0,0,0,0,0,0,0,0,1,0,0,1,0,0,0,,
Chaand Kaa Tukdaa,1994, Salman Khan, Sridevi Kapoor, Anupam Kher, Saawan Kumar Tak, Anwar Khan,NA,Other,0,0,0,0,0,0,0,0,0,0,0,0,0,0,0,0,0,0,0,0,0,,
The Big Showdown,1973, Charles Heung, Fu-Wan Chin, Tina Chin-Fei, Wong Tin-Lam,NA,NA,Other,0,0,0,0,0,0,0,0,0,0,0,0,0,0,0,0,0,0,0,0,0,,
Spooks!,1953, Shemp Howard, Philip Van Zandt, Tom Kennedy, Jules White, Felix Adler,NA, Comedy,0,0,0,0,1,0,0,0,0,0,0,0,0,0,0,0,0,0,0,0,0,,
Ted Bundy,2002, Michael Reilly Burke, Boti Bliss, Julianna McCarthy, Matthew Bright, Matthew Bright, Stephen Johnston,Horror,1,0,0,0,0,0,1,0,0,0,0,0,0,0,0,1,0,0,0,0,0,,
Alias,2013,NA,NA,NA, Michelle Latimer,NA,NA, Documentary,0,0,0,0,0,0,0,0,0,0,0,0,0,0,0,0,0,1,0,0,0,,
The Leg Fighters,1980, Dorian Tan Tao-Liang, Wang Hsieh, Ha Kwong-Li, Lee Tso-Nam, Hsin Yi Chang,NA,Foreign,0,0,0,0,0,0,0,0,0,0,0,0,0,0,1,0,1,0,0,0,0,,
Secrets,1924, Norma Talmadge, Eugene O'Brien, Patterson Dial, Frank Borzage, Frances Marion, Rudolph Besier,Other,0,0,0,0,0,0,0,0,0,0,0,0,0,0,0,0,0,0,0,0,0,,
Bremen 4: Jigoku no Naka no Tenshi-tachi,1981,NA,NA,NA,NA,NA,NA,Fantasy,0,0,1,0,0,0,0,0,0,0,0,0,0,0,0,0,0,0,0,0,1,,
Bushido - Deutschland gib mir ein Mic,2006, Anis Mohamed Youssef Ferchichi, Saad El-Haddad,NA,NA,NA,NA,Other,0,0,0,0,0,0,0,0,0,0,0,0,0,0,0,0,0,0,0,0,0,,
Hare Remover,1946, Mel Blanc, Arthur Q. Bryan,NA, Frank Tashlin, Carl W. Stalling, Edward Selzer,Comedy,0,0,1,0,1,0,0,0,0,0,0,0,0,0,0,0,0,0,0,0,0,,
Porcel: How to conquer women,1991, Jorge Porcel, Leticia Laurenz, Claudia Sandin, Wilfredo Ferran,NA,NA, Comedy,0,0,0,0,1,0,0,0,0,0,0,0,0,0,0,0,0,0,0,0,0,,
Wahnsinn,1919, Conrad Veidt,NA,NA, Conrad Veidt, Hermann Fellner, Margarete Lindau-Schulz, Horror,0,0,0,0,0,0,1,0,0,0,0,0,0,0,0,0,0,0,0,0,0,,
Tribuzy: Execution Live Reunion,2009, Bruce Dickinson,NA,NA,NA,NA,NA, Music,0,0,0,1,0,0,0,0,0,0,0,0,0,0,0,0,0,0,0,0,0,,
Felix in Fairyland,1923,NA,NA,NA, Otto Messmer,NA,NA,Other,0,0,0,0,0,0,0,0,0,0,0,0,0,0,0,0,0,0,0,0,0,,
Big N' Plenty,2004, Edu Boxer, Carlo Masi, Adam Dexter, John Rutherford,NA,NA,Other,0,0,0,0,0,0,0,0,0,0,0,0,0,0,0,0,0,0,0,0,0,,
The Bitches,1992, Annabelle Davies, Linda Serbu, Charles Wing, Richard Kern, Richard Kern, Richard Kern,Other,0,0,0,0,0,0,0,0,0,0,0,0,0,0,0,0,0,0,0,0,0,,
Land of the Pharaohs,1955, Jack Hawkins, Joan Collins, Dewey Martin, Howard Hawks, William Faulkner, Harry Kurnitz,History,0,0,0,0,0,0,0,0,0,0,0,0,0,0,0,1,0,0,1,0,0,,
Jail House Blues,1942, Nat Pendleton, Anne Gwynne, Robert Paige, Albert S. Rogell,NA,NA,Other,0,0,0,0,0,0,0,0,0,0,0,0,0,0,0,0,0,0,0,0,0,,
The Refrigerator,1991,NA,NA,NA,NA,NA,NA,Other,0,0,0,0,0,0,0,0,0,0,0,0,0,0,0,0,0,0,0,0,0,,
Waardenberg & de Jong: Jool Hul,1990,NA,NA,NA,NA,NA,NA,Other,0,0,0,0,0,0,0,0,0,0,0,0,0,0,0,0,0,0,0,0,0,,
The Outlaw,1943, Jane Russell, Jack Buetel, Thomas Mitchell, Howard Hughes, Howard Hughes, Jules Furthman,Western,0,0,0,0,0,0,0,0,1,0,1,0,0,0,0,0,1,0,0,0,0,,
Brave Miss World,2013,NA,NA,NA, Cecilia Peck, Cecilia Peck, Inbal B. Lessner, Documentary,0,0,0,0,0,0,0,0,0,0,0,0,0,0,0,0,0,1,0,0,0,,
Small Town Sheriff,1927,NA,NA,NA,NA,NA,NA,Other,0,0,0,0,0,0,0,0,0,0,0,0,0,0,0,0,0,0,0,0,0,,
311: Enlarged to Show Detail,1996, Nick Hexum, Tim Mahoney," Doug ""SA"" Martinez", Mark Kohr,NA,NA,Other,0,0,0,0,0,0,0,0,0,0,0,0,0,0,0,0,0,0,0,0,0,,
The Princess and the Pea,2002, Amanda Waving, Steven Webb, Dan Finnerty, Mark Swan,NA,NA,Fantasy,0,0,1,0,0,0,0,0,0,0,0,0,0,0,0,0,0,0,0,1,1,,
Ten Brothers of Shaolin,1979, Don Wong Tao, Chang Yi, Phillip Ko Fei, Chung Ting, Szeto Man, Tung Hsiang Hsu,Foreign,0,0,0,0,0,0,0,0,0,0,0,0,0,0,1,0,1,0,0,0,0,,
Legendary,2010, John Cena, Patricia Clarkson, Devon Graye, Mel Damski, John Posey, David Calloway, Drama,0,0,0,0,0,0,0,0,0,0,0,0,0,0,0,1,0,0,0,0,0,,
Fist of Anger,1973, Jackie Chan, Mu Zhu, Hao Li, Mu Zhu, Lan Su,NA,History,0,0,0,0,0,0,0,0,0,0,0,0,0,0,0,1,1,0,1,0,0,,
Biwi No. 1,1999, Salman Khan, Anil Kapoor, Karisma Kapoor, David Dhawan, Kamal Haasan,NA,Other,0,0,0,0,0,0,0,0,0,0,0,0,0,0,0,0,0,0,0,0,0,,
Frost Bite,2011, Cassandre Leigh, Cheyenne Buchanan, Arthur Moonin, Joe Davison, Joe Davison,NA,Horror,0,0,0,0,0,0,1,0,0,0,0,0,0,0,0,0,1,0,0,0,0,,
Picture Brides,1934, Dorothy Mackaill, Regis Toomey, Alan Hale, Phil Rosen,NA,NA,Other,0,0,0,0,0,0,0,0,0,0,0,0,0,0,0,0,0,0,0,0,0,,
Song of the Islands,1942, Betty Grable, Victor Mature, Jack Oakie, Walter Lang, Joseph Schrank, Robert Pirosh,Romance,0,1,0,1,1,0,0,0,0,0,0,0,0,0,0,0,0,0,0,0,0,,
Haatim Tai,1990, Jeetendra, Sangeeta Bijlani, Sonu Walia, Babubhai Mistri, P.D. Mehra, Zafar Rahi,Romance,0,1,0,0,0,0,0,0,0,0,0,0,0,0,0,1,0,0,0,0,1,,
Gangaajal,2003, Ajay Devgan, Gracy Singh, Mohan Joshi, Prakash Jha,NA,NA,Foreign,1,0,0,0,0,0,0,0,0,0,0,0,0,0,1,1,0,0,0,0,0,,
Behold The Lamb,2011,NA,NA,NA, John McIlduff,NA,NA,Other,0,0,0,0,0,0,0,0,0,0,0,0,0,0,0,0,0,0,0,0,0,,
Russians,2008, Pyotr Barancheev, Albert Filozov, Sergey Glushko, Adel Al-Khadad, Sergey Rusakov,NA,Fantasy,0,0,0,0,0,0,0,0,0,0,0,0,0,0,0,0,0,0,0,1,1,,
Flipper,1996, Elijah Wood, Paul Hogan, Jonathan Banks, Alan Shapiro, Alan Shapiro,NA,Family,0,0,0,0,0,0,0,0,1,0,0,0,0,0,0,0,0,0,0,1,0,,
Ram Avtar,1988, Anil Kapoor, Sunny Deol, Sridevi Kapoor,NA,NA,NA,Other,0,0,0,0,0,0,0,0,0,0,0,0,0,0,0,0,0,0,0,0,0,,
Zombie Bloodbath 2: Rage of the Undead,1995, Dave Miller, Kathleen McSweeney, Gena Fischer, Todd Sheets, Todd Sheets, Todd Sheets,Other,0,0,0,0,0,0,0,0,0,0,0,0,0,0,0,0,0,0,0,0,0,,
Street Kids United,2011,NA,NA,NA, Tim Pritchard,NA,NA, Documentary,0,0,0,0,0,0,0,0,0,0,0,0,0,0,0,0,0,1,0,0,0,,
The Stone Roses: Blackpool Live,1991,NA,NA,NA,NA,NA,NA,Other,0,0,0,0,0,0,0,0,0,0,0,0,0,0,0,0,0,0,0,0,0,,
Stephen Hawking's Grand Design,2012, Stephen Hawking,NA,NA,NA,NA,NA, Documentary,0,0,0,0,0,0,0,0,0,0,0,0,0,0,0,0,0,1,0,0,0,,
Space Station 3D,2002, Tom Cruise, James Arnold, Michael J. Bloomfield, Toni Myers, Toni Myers, Graeme Ferguson, Documentary,0,0,0,0,0,0,0,0,0,0,0,0,0,0,0,0,0,1,0,0,0,,
The Narnia Code,2009, James Cosmo,NA,NA, Norman Stone,NA,NA,Drama,0,0,0,0,0,0,0,0,0,0,0,0,0,0,0,1,0,1,0,0,0,,
2001 Arizona Diamondbacks: The Official World Series Film,2001,NA,NA,NA,NA,NA,NA, Documentary,0,0,0,0,0,0,0,0,0,0,0,0,0,0,0,0,0,1,0,0,0,,
2012 Startling New Secrets,2009, Lester Holt, Roland Emmerich, Patrick Geryl,NA,NA,NA,Fantasy,0,0,0,0,0,0,0,0,0,0,0,0,0,0,0,0,0,1,0,0,1,,
Tassels in the Air,1938, Curly Howard, Larry Fine, Moe Howard, Charley Chase, Elwood Ullman,NA, Comedy,0,0,0,0,1,0,0,0,0,0,0,0,0,0,0,0,0,0,0,0,0,,
Alice Helps The Romance,1926, Margie Gay,NA,NA, Walt Disney,NA,NA, Animation,0,0,1,0,0,0,0,0,0,0,0,0,0,0,0,0,0,0,0,0,0,,
Najib Amhali: Zorg dat je erbij komt,2008, Najib Amhali,NA,NA,NA,NA,NA, Comedy,0,0,0,0,1,0,0,0,0,0,0,0,0,0,0,0,0,0,0,0,0,,
Fakers,2010, Greyston Holt, Andrew Francis, Alexia Fast, Pierre Gill, Steven Westren, Jesse McKeown,TVMovie,0,0,0,0,0,1,0,0,0,0,0,0,0,0,0,1,0,0,0,0,0,,
The Fire Brigade,1926, May McAvoy, Charles Ray, Holmes Herbert, William Nigh, Kate Corbaley, Robert N. Lee, Drama,0,0,0,0,0,0,0,0,0,0,0,0,0,0,0,1,0,0,0,0,0,,
Dil Ne Jise Apna Kahaa,2004, Salman Khan, Preity Zinta, Bhumika Chawla, Atul Agnihotri, Atul Agnihotri,NA,Romance,0,1,0,0,0,0,0,0,0,0,0,0,0,0,1,1,0,0,0,0,0,,
I'll Never Forget What's'isname,1967, Orson Welles, Oliver Reed, Carol White, Michael Winner, Peter Draper,NA,Drama,0,0,0,0,1,0,0,0,0,0,0,0,0,0,0,1,0,0,0,0,0,,
Flat Top,1952, Sterling Hayden, Richard Carlson, William Phipps, Lesley Selander, Steve Fisher,NA,War,0,0,0,0,0,0,0,1,0,0,0,0,0,0,0,1,1,0,0,0,0,,
Tsar to Lenin,1937, Max Eastman, Vladimir Ilyich Lenin, Leon Trotsky, Herman Axelbank, Herman Axelbank, Max Eastman,Other,0,0,0,0,0,0,0,0,0,0,0,0,0,0,0,0,0,0,0,0,0,,
The Emperor's Club,2002, Kevin Kline, Emile Hirsch, Embeth Davidtz, Michael Hoffman, Ethan Canin, Neil Tolkin,Romance,0,1,0,0,0,0,0,0,0,0,0,0,0,0,0,1,0,0,0,0,0,,
Rocky,1976, Sylvester Stallone, Talia Shire, Burt Young, John G. Avildsen, Sylvester Stallone, Robert Chartoff, Drama,0,0,0,0,0,0,0,0,0,0,0,0,0,0,0,1,0,0,0,0,0,,
3 Rivers Progressive Rock Festival,2008,NA,NA,NA,NA,NA,NA, Music,0,0,0,1,0,0,0,0,0,0,0,0,0,0,0,0,0,0,0,0,0,,
Stagecoach,1986, Willie Nelson, Waylon Jennings, Johnny Cash, Ted Post,NA,NA,Western,0,0,0,0,0,0,0,0,0,0,1,0,0,0,0,0,1,0,0,0,0,,
The Leopard's Spots,1925,NA,NA,NA, Walter Lantz,NA,NA,Other,0,0,0,0,0,0,0,0,0,0,0,0,0,0,0,0,0,0,0,0,0,,
Murder by Contract,1958, Vince Edwards, Phillip Pine, Herschel Bernardi, Leon Chooluck, Irving Lerner, Ben Simcoe,Thriller,1,0,0,0,0,0,0,0,0,1,0,0,0,0,0,1,1,0,0,0,0,,
Is Spiritualism a Fraud?,1906,NA,NA,NA, J.H. Martin,NA,NA,Horror,0,0,0,0,1,0,1,0,0,0,0,0,0,0,0,0,0,0,0,0,0,,
Tiamat: The Church Of Tiamat,2006, Johan Edlund,NA,NA,NA,NA,NA, Music,0,0,0,1,0,0,0,0,0,0,0,0,0,0,0,0,0,0,0,0,0,,
Redemption Impossible,2013,NA,NA,NA, Claus Strigel, Claus Strigel,NA,Other,0,0,0,0,0,0,0,0,0,0,0,0,0,0,0,0,0,0,0,0,0,,
Wieners,2008, Kenan Thompson, Fran Kranz, Zachary Levi, Mark Steilen, Suzanne Francis, Gabe Grifoni, Comedy,0,0,0,0,1,0,0,0,0,0,0,0,0,0,0,0,0,0,0,0,0,,
Tiger From River Kwai,1975, George Eastman, Gordon Mitchell, Krung Srivilai, Franco Lattanzi,NA,NA,Other,0,0,0,0,0,0,0,0,0,0,0,0,0,0,0,0,0,0,0,0,0,,
Revenge of the Nerds IV: Nerds In Love,1994, Robert Carradine, Curtis Armstrong, Ted McGinley, Steve Zacharias,NA,NA, Comedy,0,0,0,0,1,0,0,0,0,0,0,0,0,0,0,0,0,0,0,0,0,,
Deadrise,2011, Renee O'Connor, Larry Joe Campbell, Grant Krause, Richard Brauer,NA,NA, Thriller,0,0,0,0,0,0,0,0,0,1,0,0,0,0,0,0,0,0,0,0,0,,
Raising Helen,2004, Kate Hudson, Joan Cusack, Hayden Panettiere, Garry Marshall, Ashok Amritraj, David Hoberman,Romance,0,1,0,0,1,0,0,0,0,0,0,0,0,0,0,0,0,0,0,1,0,,
Dobus - Suikerspinnen,2010, Patrick Onzia, Peter Bulckaen, Nele Goossens,NA,NA,NA, Family,0,0,0,0,0,0,0,0,0,0,0,0,0,0,0,0,0,0,0,1,0,,
The Stoning,2006, Haluk Piyes, Cheyenne Rushing,NA, Harald Holzenleiter,NA,NA, Drama,0,0,0,0,0,0,0,0,0,0,0,0,0,0,0,1,0,0,0,0,0,,
What is the Electric Car?,2010, Ed Begley Jr., Aaron Berger, Tom Berry, Ken Grant, Ken Grant, Andrew Reilly,Family,0,0,0,0,0,0,0,0,0,0,0,0,0,0,0,0,0,1,0,1,0,,
Four Centuries of American Education,1999,NA,NA,NA,NA,NA,NA, Documentary,0,0,0,0,0,0,0,0,0,0,0,0,0,0,0,0,0,1,0,0,0,,
Young and Dangerous 2,1996, Ekin Cheng, Jordan Chan Siu-Chun, Gigi Lai, Andrew Lau Wai-Keung,NA,NA,Thriller,1,0,0,0,0,0,0,0,0,1,0,0,0,0,1,0,1,0,0,0,0,,
Piano 17,2006, Giampaolo Morelli, Elisabetta Rocchetti, Giuseppe Soleri, Antonio Manetti, Marco Manetti,NA,Crime,1,0,0,0,1,0,0,0,0,0,0,0,0,0,0,0,1,0,0,0,0,,
Ivan,1932, Konstantin Bondarevsky, Dmitri Golubinsky, Elena Golki, Ganna Chernyatsina, Aleksandr Dovzhenko, Iosif Shpinel, Drama,0,0,0,0,0,0,0,0,0,0,0,0,0,0,0,1,0,0,0,0,0,,
Misery,1990, James Caan, Kathy Bates, Richard Farnsworth, Rob Reiner, Stephen King, William Goldman,Thriller,0,0,0,0,0,0,1,0,0,1,0,0,0,0,0,0,0,0,0,0,0,,
Lyrical Nitrate,1991, Lyda Borelli, Henny Porten, Anni Timm, Peter Delpeut, Peter Delpeut, Menno Boerema, Documentary,0,0,0,0,0,0,0,0,0,0,0,0,0,0,0,0,0,1,0,0,0,,
Monster a-Go Go,1965, Phil Morton, June Travis, George Perry, Bill Rebane, Herschell Gordon Lewis, Jeff Smith,ScienceFiction,0,0,0,0,0,0,1,0,0,0,0,0,0,1,0,0,0,0,0,0,0,,
The Big Swallow,1901, Sam Dalton,NA,NA, James Williamson, James Williamson,NA, Comedy,0,0,0,0,1,0,0,0,0,0,0,0,0,0,0,0,0,0,0,0,0,,
Murder on the Campus,1933, Shirley Grey, Charles Starrett, J. Farrell MacDonald, Richard Thorpe, Whitman Chambers, M.A. Anderson, Mystery,0,0,0,0,0,0,0,0,0,0,0,1,0,0,0,0,0,0,0,0,0,,
Me and the Kid,1993, Danny Aiello, Alex Zuckerman, Joe Pantoliano, Dan Curtis, Stanley Cohen, Richard Tannenbaum,Family,1,0,0,0,1,0,0,0,0,0,0,0,0,0,0,1,0,0,0,1,0,,
Jason X,2001, Kane Hodder, Lexa Doig, Chuck Campbell, Robin D. Cook, Maxyne Baker, James Isaac,ScienceFiction,0,0,0,0,0,0,1,0,0,0,0,0,0,1,0,0,0,0,0,0,0,,
Andy Parsons: Gruntled,2011, Andy Parsons,NA,NA,NA,NA,NA, Comedy,0,0,0,0,1,0,0,0,0,0,0,0,0,0,0,0,0,0,0,0,0,,
April Fools,2007,NA,NA,NA,NA,NA,NA,Other,0,0,0,0,0,0,0,0,0,0,0,0,0,0,0,0,0,0,0,0,0,,
Chinthavishtayaya Shyamala,1998, Sreenivasan, Sangita, Sudheesh, Sreenivasan, Sreenivasan,NA, Drama,0,0,0,0,0,0,0,0,0,0,0,0,0,0,0,1,0,0,0,0,0,,
Detective Story,1951, Kirk Douglas, Eleanor Parker, William Bendix, William Wyler, Sidney Kingsley, Robert Wyler,Drama,1,0,0,0,0,0,0,0,0,0,0,0,0,0,0,1,0,0,0,0,0,,
Donald Applecore,1952, Clarence Nash, Dessie Flynn, James MacDonald, Jack Hannah, Bill Berg, Nick George,Family,0,0,1,0,0,0,0,0,0,0,0,0,0,0,0,0,0,0,0,1,0,,
Ghost Blues: Rory Gallagher,2010, Cameron Crowe, Slash, Bob Geldof, Ian Thuillier,NA,NA,Other,0,0,0,0,0,0,0,0,0,0,0,0,0,0,0,0,0,0,0,0,0,,
Saturday the 14th,1981, Richard Benjamin, Paula Prentiss, Jeffrey Tambor, Howard R. Cohen, Howard R. Cohen, Julie Corman,Horror,0,0,0,0,1,0,1,0,0,0,0,0,0,0,0,0,0,0,0,0,1,,
The Brigand,1961, Francesco Seminario, Adelmo Di Fraia, Serena Vergano, Renato Castellani, Giuseppe Berto, Nino Rota, Drama,0,0,0,0,0,0,0,0,0,0,0,0,0,0,0,1,0,0,0,0,0,,
Life Begins at Eight-Thirty,1942, Monty Woolley, Ida Lupino, Cornel Wilde, Irving Pichel,NA,NA,Other,0,0,0,0,0,0,0,0,0,0,0,0,0,0,0,0,0,0,0,0,0,,
Cum Like Crazy,2010, Ferrara Gomez,NA,NA,NA,NA,NA,Other,0,0,0,0,0,0,0,0,0,0,0,0,0,0,0,0,0,0,0,0,0,,
Hornet's Nest,1970, Rock Hudson, Sylva Koscina, Sergio Fantoni, Phil Karlson, Ennio Morricone,NA,Other,0,0,0,0,0,0,0,0,0,0,0,0,0,0,0,0,0,0,0,0,0,,
Space Cowboys,2000, Clint Eastwood, Tommy Lee Jones, Donald Sutherland, Deborah Hopper, Henry Bumstead, Jack G. Taylor Jr.,Thriller,0,0,0,0,0,0,0,0,1,1,0,0,0,0,0,0,1,0,0,0,0,,
Four Assassins,2013, Will Yun Lee, Miguel Ferrer, Mercedes Renard, Stanley J. Orzel, Stanley J. Orzel,NA, Thriller,0,0,0,0,0,0,0,0,0,1,0,0,0,0,0,0,0,0,0,0,0,,
A Kiss for Cinderella,1925, Betty Bronson, Esther Ralston, Henry Vibart, Herbert Brenon,NA,NA,Other,0,0,0,0,0,0,0,0,0,0,0,0,0,0,0,0,0,0,0,0,0,,
Aaria,1997,NA,NA,NA,NA,NA,NA,Other,0,0,0,0,0,0,0,0,0,0,0,0,0,0,0,0,0,0,0,0,0,,
Jim Jefferies: Fully Functional,2012, Jim Jefferies,NA,NA, Jay Chapman, Lisa Blum, Jay Karas, Comedy,0,0,0,0,1,0,0,0,0,0,0,0,0,0,0,0,0,0,0,0,0,,
Sittin' on a Backyard Fence,1933,NA,NA,NA, Earl Duvall,NA,NA,Other,0,0,0,0,0,0,0,0,0,0,0,0,0,0,0,0,0,0,0,0,0,,
The Haunting of Sorority Row,2007, Leighton Meester, Kailin See, Lisa Marie Caruk, Bert Kish, Jed Seidel, Michael Vickerman,Thriller,0,0,0,0,0,0,1,0,0,1,0,1,0,0,0,0,0,0,0,0,0,,
Tap Roots,1948, Van Heflin, Susan Hayward, Boris Karloff, George Marshall, Walter Wanger,NA,War,0,0,0,0,0,0,0,1,0,0,0,0,0,0,0,1,0,0,0,0,0,,
Jimmy Page & The Black Crowes - Live at the Greek,1999, Jimmy Page, Chris Robinson, Rich Robinson,NA,NA,NA,Music,0,0,0,1,0,0,0,0,0,0,0,0,0,0,0,0,0,1,0,0,0,,
Dying to Go Home,1996, Diogo Infante, Maria d'Aires, Huub Stapel, Carlos da Silva, George Sluizer,NA, Comedy,0,0,0,0,1,0,0,0,0,0,0,0,0,0,0,0,0,0,0,0,0,,
Jason Byrne: Out of the Box,2006, Jason Byrne,NA,NA,NA,NA,NA, Comedy,0,0,0,0,1,0,0,0,0,0,0,0,0,0,0,0,0,0,0,0,0,,
A Drowning Man,2001, Shinya Tsukamoto, Reiko Kataoka,NA, Naoki Ichio,NA,NA,Foreign,0,0,0,0,0,0,0,0,0,0,0,0,0,0,1,1,0,0,0,0,0,,
The Hidden Half,2001, Niki Karimi, Mohammad Nikbin, Atila Pesiani, Tahmineh Milani, Tahmineh Milani, Tahmineh Milani,Foreign,0,0,0,0,0,0,0,0,0,0,0,0,0,0,1,1,0,0,0,0,0,,
Al Franken - God Spoke,2006, Al Franken,NA,NA, Nick Doob, Chris Hegedus,NA, Documentary,0,0,0,0,0,0,0,0,0,0,0,0,0,0,0,0,0,1,0,0,0,,
Two Queens and One Consort,1981, Tim Beekman, Linda van Dyck, Jan Decleir, Otto Jongerius, Otto Jongerius, R.J. Peskens, Drama,0,0,0,0,0,0,0,0,0,0,0,0,0,0,0,1,0,0,0,0,0,,
Night Market Hero,2011, Zheng-Long Lan, Jia-yan Ke,NA, Tien-Lun Yeh, Tan-Ching Yeh,NA, Drama,0,0,0,0,0,0,0,0,0,0,0,0,0,0,0,1,0,0,0,0,0,,
Rain,2001, Alicia Fulford-Wierzbicki, Sarah Peirse, Marton Csokas, Christine Jeffs, John Toon, Kirsty Gunn,Romance,0,1,0,0,0,0,0,0,0,0,0,0,0,0,1,1,0,0,0,0,0,,
The Offspring: Rock in Rio 2012,2012, Dexter Holland, Greg K.," Kevin ""Noodles"" Wasserman",NA,NA,NA, Music,0,0,0,1,0,0,0,0,0,0,0,0,0,0,0,0,0,0,0,0,0,,
One Way Trip,2011, Sabrina Reiter, Melanie Winiger, Herbert Leiser, Markus Welter,NA,NA, Horror,0,0,0,0,0,0,1,0,0,0,0,0,0,0,0,0,0,0,0,0,0,,
The Harryhausen Chronicles,1998,NA,NA,NA,NA,NA,NA,ScienceFiction,0,0,0,0,0,0,0,0,0,0,0,0,0,1,0,0,0,1,0,0,0,,
An Italian in Greece,1958,NA,NA,NA, Umberto Lenzi, Umberto Lenzi, Tersicore Kolosoff,Other,0,0,0,0,0,0,0,0,0,0,0,0,0,0,0,0,0,0,0,0,0,,
Count Your Blessings,1959, Deborah Kerr, Rossano Brazzi, Maurice Chevalier, Jean Negulesco, Karl Tunberg, Nancy Mitford,Drama,0,0,0,0,1,0,0,0,0,0,0,0,0,0,0,1,0,0,0,0,0,,
One Fine Spring Day,2001, Lee Young-ae, Yoo Ji-Tae,NA, Jin-ho Hur,NA,NA, Drama,0,0,0,0,0,0,0,0,0,0,0,0,0,0,0,1,0,0,0,0,0,,
Catch Me,2009, Nikki Jayne, Sofia Lomeli, Carmel Moore, B. Skow,NA,NA,Other,0,0,0,0,0,0,0,0,0,0,0,0,0,0,0,0,0,0,0,0,0,,
The Hat Box Mystery,1947, Tom Neal, Pamela Blake, Allen Jenkins, Lambert Hillyer, Carl K. Hittleman, Carl K. Hittleman,Drama,1,0,0,0,0,0,0,0,0,0,0,0,0,0,0,1,0,0,0,0,0,,
Piper Penguin and His Fantastic Flying Machines,2008, Harry Cason,NA,NA, Michael Schelp,NA,NA,Family,0,0,1,0,0,0,0,0,0,0,0,0,0,0,0,0,0,0,0,1,0,,
The Crown,2008,NA,NA,NA,NA,NA,NA, Documentary,0,0,0,0,0,0,0,0,0,0,0,0,0,0,0,0,0,1,0,0,0,,
Like Father Like Son,1987, Dudley Moore, Kirk Cameron, Margaret Colin, Rod Daniel, Steve Bloom, Lorne Cameron,Fantasy,0,0,0,0,1,0,0,0,0,0,0,0,0,0,0,0,0,0,0,0,1,,
Clonehunter,2009, Jef Betz, Greg Oliver Bodine, H. R. Britton, Andrew Bellware, Eric Steele,NA, ScienceFiction,0,0,0,0,0,0,0,0,0,0,0,0,0,1,0,0,0,0,0,0,0,,
Brand Upon the Brain!,2006, Isabella Rossellini, Erik Steffen Maahs, Sullivan Brown, Guy Maddin, Guy Maddin, George Toles,Fantasy,0,0,0,0,0,0,0,0,0,0,0,0,0,0,0,1,0,0,0,0,1,,
Any Other Side,2012, Chrissie Chau, Van, Yingjun Zhao, Fang Ya-Xi, Fang Ya-Xi,NA, Thriller,0,0,0,0,0,0,0,0,0,1,0,0,0,0,0,0,0,0,0,0,0,,
Bulandi,2000, Anil Kapoor, Rekha, Raveena Tandon, Rama Rao Tatineni, Aadesh K. Arjun, Yogesh Anand, Foreign,0,0,0,0,0,0,0,0,0,0,0,0,0,0,1,0,0,0,0,0,0,,
Sandow,1896,NA,NA,NA, William K.L. Dickson ,NA,NA,Other,0,0,0,0,0,0,0,0,0,0,0,0,0,0,0,0,0,0,0,0,0,,
Asylum,2009, Diesel Washington, Dominic Pacifico, Erik Rhodes, John Bruno, John Bruno,NA,Other,0,0,0,0,0,0,0,0,0,0,0,0,0,0,0,0,0,0,0,0,0,,
Prisoner/Terrorist,2007, Tomorowo Taguchi, Taka Okubo, Joji Kajiwara, Masao Adachi, Masao Adachi, Yoshihide Ohtomo, Drama,0,0,0,0,0,0,0,0,0,0,0,0,0,0,0,1,0,0,0,0,0,,
Cheap Booze & Cigarettes,2008, Marco Banderas, Lanny Barbie, Abbey Brooks, Chuck Lords,NA,NA,Other,0,0,0,0,0,0,0,0,0,0,0,0,0,0,0,0,0,0,0,0,0,,
Dutch Guiana: 'Land of the Djuka',1933, James A. FitzPatrick,NA,NA,NA,NA,NA,Other,0,0,0,0,0,0,0,0,0,0,0,0,0,0,0,0,0,0,0,0,0,,
Clear and Present Danger,1994, Harrison Ford, Anne Archer, Donald Moffat, Tom Clancy, Neil Travis, Donald McAlpine,Thriller,0,0,0,0,0,0,0,0,0,1,0,0,0,0,0,1,1,0,0,0,0,,
Town & Country,2001, Warren Beatty, Diane Keaton, Goldie Hawn, Peter Chelsom, Buck Henry,NA,Romance,0,1,0,0,1,0,0,0,0,0,0,0,0,0,0,0,0,0,0,0,0,,
Cindy and Donna,1970, Debbie Osborne, Nancy Ison, Cheryl Powell, Robert Anderson, Barry Clark,NA, Drama,0,0,0,0,0,0,0,0,0,0,0,0,0,0,0,1,0,0,0,0,0,,
Mr. Deeds,2002, Adam Sandler, Winona Ryder, John Turturro, Sid Ganis, Jack Giarraputo, Teddy Castellucci,Romance,0,1,0,0,1,0,0,0,0,0,0,0,0,0,0,0,0,0,0,0,0,,
Hyde and Hare,1955, Mel Blanc,NA,NA, Friz Freleng, Edward Selzer, Carl W. Stalling,Comedy,0,0,1,0,1,0,0,0,0,0,0,0,0,0,0,0,0,0,0,0,0,,
Long live the mistress,1947,NA,NA,NA, Hu Sang,NA,NA,Other,0,0,0,0,0,0,0,0,0,0,0,0,0,0,0,0,0,0,0,0,0,,
Cowboy Cabaret,1931,NA,NA,NA, Mannie Davis, John Foster,NA,Other,0,0,0,0,0,0,0,0,0,0,0,0,0,0,0,0,0,0,0,0,0,,
Storytelling Giant,1988, David Byrne, David Byrne, Tina Weymouth, Toni Basil, David Byrne, Jim Jarmusch, Music,0,0,0,1,0,0,0,0,0,0,0,0,0,0,0,0,0,0,0,0,0,,
These Days: Powderfinger Live in Concert,2004, Bernard Fanning, Darren Middleton, Ian Haug,NA,NA,NA,Other,0,0,0,0,0,0,0,0,0,0,0,0,0,0,0,0,0,0,0,0,0,,
Hercules Saves Christmas,2011, Luigi Francis Shorty Rossi, George Maguire, Mackenzie Phillips, Edward Hightower, John Pizzo,NA, Family,0,0,0,0,0,0,0,0,0,0,0,0,0,0,0,0,0,0,0,1,0,,
I Think I Do,2013, Mia Kirshner, Sara Canning, James Thomas, Dylan Pearce, Jenny Cooper,NA, Comedy,0,0,0,0,1,0,0,0,0,0,0,0,0,0,0,0,0,0,0,0,0,,
The Last Rebel,1971, Joe Namath, Jack Elam, Woody Strode, Denys McCoy, Warren Kiefer,NA,Other,0,0,0,0,0,0,0,0,0,0,0,0,0,0,0,0,0,0,0,0,0,,
The Hockey Champ,1939, Clarence Nash, Clarence Nash, Clarence Nash, Jack King, Walt Disney, Carl Barks, Animation,0,0,1,0,0,0,0,0,0,0,0,0,0,0,0,0,0,0,0,0,0,,
Mother and Son,1997, Aleksei Ananishnov, Gudrun Geyer,NA, Alexander Sokurov,NA,NA, Drama,0,0,0,0,0,0,0,0,0,0,0,0,0,0,0,1,0,0,0,0,0,,
Live8 Germany,2005,NA,NA,NA,NA,NA,NA,Other,0,0,0,0,0,0,0,0,0,0,0,0,0,0,0,0,0,0,0,0,0,,
Demon Hunters: Dead Camper Lake,2004,NA,NA,NA,NA,NA,NA,Other,0,0,0,0,0,0,0,0,0,0,0,0,0,0,0,0,0,0,0,0,0,,
Hamilton,2006,NA,NA,NA, Matthew Porterfield,NA,NA, Drama,0,0,0,0,0,0,0,0,0,0,0,0,0,0,0,1,0,0,0,0,0,,
The Bachelor Party,2011, Essence Atkins, Christian Keyes, Lamman Rucker, Donald Welch, Donald Welch,NA,Romance,0,1,0,0,0,0,0,0,0,0,0,0,0,0,0,1,0,0,0,0,0,,
Geordie,1955, Alastair Sim, Bill Travers, Norah Gorsen, Frank Launder,NA,NA,Romance,0,1,0,0,0,0,0,0,0,0,0,0,0,0,0,1,0,0,0,0,0,,
Road Movie,2002, Hwang Jeong-Min, Chan Jung,NA, Kim In-sik, Kim In-sik,NA,Other,0,0,0,0,0,0,0,0,0,0,0,0,0,0,0,0,0,0,0,0,0,,
Dude Duck,1951, Clarence Nash,NA,NA, Walt Disney, Jack Hannah, Ralph Wright,Animation,0,0,0,1,0,0,0,0,0,0,0,0,0,0,0,0,0,0,0,0,0,0,
Out of Bounds,2003, Sophia Myles, Michael Elphick, Julia Barrie, Merlin Ward, Merlin ward,NA,Thriller,0,1,0,0,0,0,0,0,0,1,0,0,0,0,1,0,0,0,0,0,0,,
Tomorrow You're Gone,2012, Stephen Dorff, Michelle Monaghan, Willem Dafoe, David Jacobson, Matthew F. Jones,NA, Thriller,0,0,0,0,0,0,0,0,0,1,0,0,0,0,0,0,0,0,0,0,0,,
Annie,1982, Aileen Quinn, Albert Finney, Carol Burnett, John Huston, Carol Sobieski, Thomas Meehan,Music,0,0,0,1,1,0,0,0,0,0,0,0,0,0,0,1,0,0,0,1,0,,
Partysaurus Rex,2012, Tom Hanks, Tim Allen, Wallace Shawn, Mark A. Walsh, Mark A. Walsh, Mark A. Walsh,Fantasy,0,0,1,0,1,0,0,0,0,0,0,0,0,0,0,0,0,0,0,1,1,,
The Christmas Wife,1988, Jason Robards, Julie Harris, Don Francks, David Hugh Jones, Helen Norris, Katherine Ann Jones,Romance,0,1,0,0,0,0,0,0,0,0,0,0,0,0,0,1,0,0,0,0,0,,
See Jane Run,2007, Joe Estevez, Sasha Andreev , Jennifer Clary , Ryan Webb, Ryan Webb,NA,Thriller,0,0,0,0,0,0,1,0,0,1,0,0,0,0,0,0,0,0,0,0,0,,
Seagulls Fly Low,1978, Maurizio Merli, Nathalie Delon, Mel Ferrer, Giorgio Cristallini,NA,NA,Other,0,0,0,0,0,0,0,0,0,0,0,0,0,0,0,0,0,0,0,0,0,,
Ang Nerseri,2009,NA,NA,NA,NA,NA,NA,Other,0,0,0,0,0,0,0,0,0,0,0,0,0,0,0,0,0,0,0,0,0,,
Muniyandi Vilangial Moonramandu,2008, Bharath Srinivasan, Poorna, Vadivelu, Thirumurugan, Thirumurugan, Vidyasagar, Action,0,0,0,0,0,0,0,0,0,0,0,0,0,0,0,0,1,0,0,0,0,,
Junglee,1961, Saira Banu, Shammi Kapoor, Shashikala, Subodh Mukherjee, Subodh Mukherjee, Shankar Jaikishan,Other,0,0,0,0,0,0,0,0,0,0,0,0,0,0,0,0,0,0,0,0,0,,
Joan the Woman,1916, Geraldine Farrar, Raymond Hatton, Wallace Reid, Cecil B. DeMille,NA,NA, Drama,0,0,0,0,0,0,0,0,0,0,0,0,0,0,0,1,0,0,0,0,0,,
Courier Of Death,1984,NA,NA,NA,NA,NA,NA,Other,0,0,0,0,0,0,0,0,0,0,0,0,0,0,0,0,0,0,0,0,0,,
Just Say Love,2010, Bill Humphreys, Matthew Jaeger, Robert Mammana, Bill Humphreys, David J. Mauriello,NA,Romance,0,1,0,0,0,0,0,0,0,0,0,0,0,0,0,1,0,0,0,0,0,,
I Tried,2007, Wish Bone, Krayzie Bone, Layzie Bone, Rich Newey, Kevin Caruso, Rich Newey, Drama,0,0,0,0,0,0,0,0,0,0,0,0,0,0,0,1,0,0,0,0,0,,
Sideline Secrets,2006, James Townsend, Alex Wilson, Dan Swett, Steven Vasquez, James Townsend, Steven Vasquez,Other,0,0,0,0,0,0,0,0,0,0,0,0,0,0,0,0,0,0,0,0,0,,
Face The Music,1993, Molly Ringwald, Patrick Dempsey, Lysette Anthony, Carol Wiseman, Monique Annaud, Yves Dahan,Other,0,0,0,0,0,0,0,0,0,0,0,0,0,0,0,0,0,0,0,0,0,,
Lamp in Assassin Mews,1962, Francis Matthews, Lisa Daniely, Ian Fleming, Godfrey Grayson,NA,NA,Foreign,0,0,0,0,1,0,0,0,0,0,0,0,0,0,1,0,0,0,0,0,0,,
Keith Lemon's Fit,2010, Leigh Francis, Deanne Berry,NA, Paul Angunawela,NA,NA, Comedy,0,0,0,0,1,0,0,0,0,0,0,0,0,0,0,0,0,0,0,0,0,,
Thunderclap,1984,NA,NA,NA, Tony Leung Siu-Hung, Mona Fong, Chiang Hsing-Lung,Other,0,0,0,0,0,0,0,0,0,0,0,0,0,0,0,0,0,0,0,0,0,,
Okhlamon,2007, Marina Orlova, Igor Nevedrov,NA, Dmitry Panchenko,NA,NA,Romance,0,1,0,0,1,0,0,0,0,0,0,0,0,0,0,0,0,0,0,0,0,,
Jayantabhai Ki Luv Story,2013,NA,NA,NA,NA,NA,NA,Other,0,0,0,0,0,0,0,0,0,0,0,0,0,0,0,0,0,0,0,0,0,,
Giulio Cesare,2005, Sarah Connolly, Danielle de Niese,NA, William Christie,NA,NA,Other,0,0,0,0,0,0,0,0,0,0,0,0,0,0,0,0,0,0,0,0,0,,
Naran,2005, Mohanlal, Madhu, Siddique, Shaji Kumar, Joshi, Ranjan Pramod, Drama,0,0,0,0,0,0,0,0,0,0,0,0,0,0,0,1,0,0,0,0,0,,
Broken Roads,2012, Sally Kirkland, Aidan Bristow, Shoshana Bush, Justin Chambers,NA,NA, Drama,0,0,0,0,0,0,0,0,0,0,0,0,0,0,0,1,0,0,0,0,0,,
All Star Milfs,2010, Alexa Weix, Christina Bella, Lea Lexus, Jules Bart,NA,NA,Other,0,0,0,0,0,0,0,0,0,0,0,0,0,0,0,0,0,0,0,0,0,,
Joe Bonamassa: Live at Rockpalast,2006, Joe Bonamassa,NA,NA,NA,NA,NA,Other,0,0,0,0,0,0,0,0,0,0,0,0,0,0,0,0,0,0,0,0,0,,
The Voice of the Master,2013,NA,NA,NA,NA,NA,NA,Other,0,0,0,0,0,0,0,0,0,0,0,0,0,0,0,0,0,0,0,0,0,,
The Dead Man 2: Return of the Dead Man,1994,NA,NA,NA, Aryan Kaganof,NA,NA,Other,0,0,0,0,0,0,0,0,0,0,0,0,0,0,0,0,0,0,0,0,0,,
Dead Sexy,2001, Shannon Tweed, John Enos III, Sam J. Jones, Robert Angelo, Elroy Canton, Elroy Canton,Thriller,0,1,0,0,0,0,0,0,0,1,0,1,0,0,0,0,0,0,0,0,0,,
The Killing Strain,2010, Nina Leon, Venda D'Abato, Tom Lagleder, Daniel Maldonado, Daniel Maldonado, Allen Green,Thriller,0,0,0,0,0,0,1,0,0,1,0,0,0,0,0,0,0,0,0,0,0,,
Bullet and Brain,2007, Anthony Wong, Francis Ng, Eric Tsang, Venus Keung Kwok-Man,NA,NA,Crime,1,0,0,0,1,0,0,0,0,0,0,0,0,0,0,0,1,0,0,0,0,,
Pittsburgh A to Z,2001,NA,NA,NA,NA,NA,NA,Other,0,0,0,0,0,0,0,0,0,0,0,0,0,0,0,0,0,0,0,0,0,,
Stephen K Amos - The Feel Good Factor,2010, Stephen K. Amos,NA,NA,NA,NA,NA,Other,0,0,0,0,0,0,0,0,0,0,0,0,0,0,0,0,0,0,0,0,0,,
Loverboy,2005, Kyra Sedgwick, Dominic Scott Kay, Matt Dillon, Kevin Bacon, Hannah Shakespeare, Hannah Shakespeare,Romance,0,1,0,0,0,0,0,0,0,0,0,0,0,0,0,1,0,0,0,0,0,,
Lethal Eviction,2005, Judd Nelson, Jennifer Carpenter, Stacey Dash, Michael Feifer,NA,NA, Thriller,0,0,0,0,0,0,0,0,0,1,0,0,0,0,0,0,0,0,0,0,0,,
A Haunting in Salem,2011, Bill Oberst Jr., Courtney Abbiati, Jenna Stone, Shane Van Dyke, H. Perry Horton,NA,Thriller,0,0,0,0,0,0,1,0,0,1,0,0,0,0,0,0,0,0,0,0,0,,
Baby Face Nelson,1957, Mickey Rooney, Carolyn Jones, Cedric Hardwicke, Don Siegel, Robert Adler, Daniel Mainwaring,Drama,1,0,0,0,0,0,0,0,0,0,0,0,0,0,0,1,0,0,0,0,0,,
UFC 148: Silva vs. Sonnen II,2012, Anderson Silva, Chael Sonnen, Forrest Griffin,NA,NA,NA, Action,0,0,0,0,0,0,0,0,0,0,0,0,0,0,0,0,1,0,0,0,0,,
Mao's Last Dancer,2009, Chi Cao, Chengwu Guo, Wen Bin Huang, Bruce Beresford,NA,NA,Romance,0,1,0,0,0,0,0,0,0,0,0,0,0,0,0,1,0,0,0,0,0,,
What to Do in a Zombie Attack,2006,NA,NA,NA, Joey Carrillo,NA,NA,Other,0,0,0,0,0,0,0,0,0,0,0,0,0,0,0,0,0,0,0,0,0,,
Dostavit' ljuboj cenoj,2011, Miroslav Belonogij, Viktorija Malektorovich, Sergej Kalantaj, Aleksandr Berezan,NA,NA,Other,0,0,0,0,0,0,0,0,0,0,0,0,0,0,0,0,0,0,0,0,0,,
The Fountainhead,1949, Gary Cooper, Patricia Neal, Raymond Massey, King Vidor, Ayn Rand, Ayn Rand, Drama,0,0,0,0,0,0,0,0,0,0,0,0,0,0,0,1,0,0,0,0,0,,
Hoodlum Empire,1952, Brian Donlevy, Claire Trevor, Forrest Tucker, Reggie Lanning, Joseph Kane, Robert Considine, Crime,1,0,0,0,0,0,0,0,0,0,0,0,0,0,0,0,0,0,0,0,0,,
The Ghost Talks,1949, Shemp Howard, Phil Arnold,NA, Jules White, Felix Adler,NA, Comedy,0,0,0,0,1,0,0,0,0,0,0,0,0,0,0,0,0,0,0,0,0,,
Beetle - As Bad As Can,2006, Beetlejuice,NA,NA,NA,NA,NA,Other,0,0,0,0,0,0,0,0,0,0,0,0,0,0,0,0,0,0,0,0,0,,
Candy Boy,2007,NA,NA,NA, Pascal-Alex Vincent, Pascal-Alex Vincent, Martin Drouot, Animation,0,0,1,0,0,0,0,0,0,0,0,0,0,0,0,0,0,0,0,0,0,,
Jesse Jane: Lust,2008, Jesse Jane, Stoya, Bree Olson, Bunny Luv, Samantha Lewis, Joone,Other,0,0,0,0,0,0,0,0,0,0,0,0,0,0,0,0,0,0,0,0,0,,
The Crypt,2009, Sarah Oh, Mike Ranallo, Cristen Irene, Craig McMahon, Craig McMahon, Nathan Hill, Horror,0,0,0,0,0,0,1,0,0,0,0,0,0,0,0,0,0,0,0,0,0,,
Nizhal Nijamagirathu,1978, Kamal Haasan, Sumithra, Sarath Babu, K. Balachander, V. Govindarajan, K. Balachander, Drama,0,0,0,0,0,0,0,0,0,0,0,0,0,0,0,1,0,0,0,0,0,,
Private Gold 42: Madness 2,2000, Pascal St. James,NA,NA,NA,NA,NA,Other,0,0,0,0,0,0,0,0,0,0,0,0,0,0,0,0,0,0,0,0,0,,
Celestial Subway Lines/Salvaging Noise,2005,NA,NA,NA, Ken Jacobs,NA,NA, Documentary,0,0,0,0,0,0,0,0,0,0,0,0,0,0,0,0,0,1,0,0,0,,
Revenge of the Nerds II: Nerds in Paradise,1987, Robert Carradine, Curtis Armstrong, Larry B. Scott, Joe Roth, Tim Metcalfe,NA, Comedy,0,0,0,0,1,0,0,0,0,0,0,0,0,0,0,0,0,0,0,0,0,,
12 Wishes of Christmas,2011, Elisa Donovan, Gabrielle Carteris, Fred Willard, Peter Sullivan, Michael Ciminera, Richard Gnolfo,Fantasy,0,0,0,0,1,0,0,0,0,0,0,0,0,0,0,0,0,0,0,0,1,,
The Man I Love,1929, Richard Arlen, Mary Brian, Olga Baclanova, William A. Wellman, Herman J. Mankiewicz, Percy Heath, Comedy,0,0,0,0,1,0,0,0,0,0,0,0,0,0,0,0,0,0,0,0,0,,
Forty Thousand Horsemen,1941, Grant Taylor, Betty Bryant, Chips Rafferty, Charles Chauvel, William Shepherd, Charles Chauvel,War,0,0,0,0,0,0,0,1,0,0,0,0,0,0,0,1,0,0,0,0,0,,
Teenage Mutant Ninja Turtles: Behind The Shells,1991, Kevin Eastman, Peter Laird, Michael Pressman, Michael Danty, Michael Danty, Peter D. Steinbroner,Other,0,0,0,0,0,0,0,0,0,0,0,0,0,0,0,0,0,0,0,0,0,,
Eats Are West,1925,NA,NA,NA, Otto Messmer,NA,NA,Other,0,0,0,0,0,0,0,0,0,0,0,0,0,0,0,0,0,0,0,0,0,,
Dorm of the Dead,2006, Ciara Richards, Adrianna Eder, Jackey Hall, Donald Farmer, Donald Farmer, Mike Dusi, Horror,0,0,0,0,0,0,1,0,0,0,0,0,0,0,0,0,0,0,0,0,0,,
Blue Hawaii,1961, Elvis Presley, Joan Blackman, Angela Lansbury, Norman Taurog, Allan Weiss, Hal Kanter,Romance,0,1,0,1,1,0,0,0,0,0,0,0,0,0,0,0,0,0,0,0,0,,
Sinderella,1995, Jim Davidson, Charlie Drake, Jess Conrad, Jim Davidson, Bryan Blackburn,NA, Comedy,0,0,0,0,1,0,0,0,0,0,0,0,0,0,0,0,0,0,0,0,0,,
La Strada,1954, Anthony Quinn, Giulietta Masina, Richard Basehart, Federico Fellini, Federico Fellini, Tullio Pinelli, Drama,0,0,0,0,0,0,0,0,0,0,0,0,0,0,0,1,0,0,0,0,0,,
Siraiyil Pootha Sinna Malar,1990, Vijayakanth, Bhanupriya, Charle, Ilayaraja, P. Amirdhan,NA, Drama,0,0,0,0,0,0,0,0,0,0,0,0,0,0,0,1,0,0,0,0,0,,
The Watcher in the Woods,1980, Bette Davis, Lynn-Holly Johnson, Kyle Richards, John Hough, Brian Clemens,NA,Thriller,0,0,0,0,0,0,1,0,0,1,0,1,0,1,0,0,0,0,0,1,1,,
Playing with Love,1977, Lara Wendel, Eva Ionesco, Martin Loeb, Pier Giuseppe Murgia, Peter Berling, Dieter Geissler, Drama,0,0,0,0,0,0,0,0,0,0,0,0,0,0,0,1,0,0,0,0,0,,
Johnny 2.0,1998, Jeff Fahey, Tahnee Welch, Michael Ironside, Neill Fearnley, Wynne McLaughlin, Susan Murdoch, ScienceFiction,0,0,0,0,0,0,0,0,0,0,0,0,0,1,0,0,0,0,0,0,0,,
School of Seduction,2004, Victoria Abril, Javier Veiga, Gorka Aguinagalde, Javier Balaguer,NA,NA,Romance,0,1,0,0,1,0,0,0,0,0,0,0,0,0,0,0,0,0,0,0,0,,
Les Bodin's: Maria bodin,1998, Vincent Dubois,NA,NA, Vincent Dubois,NA,NA,Other,0,0,0,0,0,0,0,0,0,0,0,0,0,0,0,0,0,0,0,0,0,,
Bug,1975, Bradford Dillman, Joanna Miles, Richard Gilliland, Jeannot Szwarc, William Castle, Thomas Page,ScienceFiction,0,0,0,0,0,0,1,0,0,0,0,1,0,1,0,0,0,0,0,0,0,,
Mikrofan,2007,NA,NA,NA,NA,NA,NA,Other,0,0,0,0,0,0,0,0,0,0,0,0,0,0,0,0,0,0,0,0,0,,
